Date,Price,Open,High,Low,Target
2019-07-11,1404.0,1419.2,1426.21,1401.58,-1
2019-07-12,1415.74,1403.9,1417.09,1403.12,1
2019-07-13,1415.74,1403.9,1417.09,1403.12,1
2019-07-14,1415.74,1403.9,1417.09,1403.12,1
2019-07-15,1414.08,1415.75,1419.75,1407.69,-1
2019-07-16,1406.33,1415.05,1418.34,1401.23,-1
2019-07-17,1426.8,1406.59,1427.0,1400.18,1
2019-07-18,1446.3,1426.8,1448.35,1414.68,1
2019-07-19,1425.3,1446.4,1452.96,1420.4,-1
2019-07-20,1425.3,1446.4,1452.96,1420.4,-1
2019-07-21,1425.3,1446.4,1452.96,1420.4,-1
2019-07-22,1425.12,1425.15,1429.77,1422.34,-1
2019-07-23,1417.39,1425.15,1429.25,1414.29,-1
2019-07-24,1425.9,1417.55,1429.55,1416.43,1
2019-07-25,1414.53,1426.3,1433.84,1411.08,-1
2019-07-26,1418.69,1414.4,1424.83,1413.72,1
2019-07-27,1418.69,1414.4,1424.83,1413.72,1
2019-07-28,1418.69,1414.4,1424.83,1413.72,1
2019-07-29,1426.94,1419.49,1428.46,1416.98,1
2019-07-30,1430.85,1426.84,1433.12,1422.12,1
2019-07-31,1413.8,1431.05,1433.07,1411.42,-1
2019-08-01,1445.31,1411.34,1445.98,1400.65,1
2019-08-02,1440.7,1445.8,1448.23,1430.2,-1
2019-08-03,1440.7,1445.8,1448.23,1430.2,-1
2019-08-04,1440.7,1445.8,1448.23,1430.2,-1
2019-08-05,1463.8,1440.65,1470.05,1437.03,1
2019-08-06,1474.27,1464.0,1475.04,1456.61,1
2019-08-07,1501.2,1474.25,1510.28,1472.28,1
2019-08-08,1500.95,1501.5,1509.72,1490.08,-1
2019-08-09,1497.24,1501.2,1508.4,1494.69,-1
2019-08-10,1497.24,1501.2,1508.4,1494.69,-1
2019-08-11,1497.24,1501.2,1508.4,1494.69,-1
2019-08-12,1511.41,1497.65,1517.95,1487.91,1
2019-08-13,1501.39,1510.74,1534.75,1481.38,-1
2019-08-14,1516.33,1501.38,1524.3,1494.34,1
2019-08-15,1523.2,1517.05,1527.0,1508.22,1
2019-08-16,1514.15,1523.9,1527.75,1504.2,-1
2019-08-17,1514.15,1523.9,1527.75,1504.2,-1
2019-08-18,1514.15,1523.9,1527.75,1504.2,-1
2019-08-19,1495.3,1511.15,1513.0,1492.65,-1
2019-08-20,1507.1,1495.6,1508.6,1492.85,1
2019-08-21,1502.3,1507.7,1508.4,1496.15,-1
2019-08-22,1498.8,1502.2,1504.68,1491.85,-1
2019-08-23,1526.85,1499.0,1530.11,1493.05,1
2019-08-24,1526.85,1499.0,1530.11,1493.05,1
2019-08-25,1526.85,1499.0,1530.11,1493.05,1
2019-08-26,1526.35,1539.3,1555.13,1524.55,-1
2019-08-27,1542.65,1526.3,1544.78,1524.85,1
2019-08-28,1539.1,1541.8,1547.03,1531.55,-1
2019-08-29,1527.7,1539.2,1550.72,1519.5,-1
2019-08-30,1520.25,1527.6,1533.45,1517.43,-1
2019-08-31,1520.25,1527.6,1533.45,1517.43,-1
2019-09-01,1520.25,1527.6,1533.45,1517.43,-1
2019-09-02,1530.59,1520.1,1533.81,1519.15,1
2019-09-03,1547.0,1529.6,1549.9,1521.51,1
2019-09-04,1552.6,1547.1,1557.38,1533.81,1
2019-09-05,1519.35,1552.5,1553.38,1509.39,-1
2019-09-06,1506.95,1519.2,1527.9,1502.89,-1
2019-09-07,1506.95,1519.2,1527.9,1502.89,-1
2019-09-08,1506.95,1519.2,1527.9,1502.89,-1
2019-09-09,1498.95,1507.1,1515.55,1497.72,-1
2019-09-10,1486.4,1499.0,1501.45,1484.27,-1
2019-09-11,1497.6,1486.45,1498.56,1485.0,1
2019-09-12,1498.95,1497.5,1523.96,1488.8,1
2019-09-13,1488.7,1498.5,1509.25,1485.73,-1
2019-09-14,1488.7,1498.5,1509.25,1485.73,-1
2019-09-15,1488.7,1498.5,1509.25,1485.73,-1
2019-09-16,1498.8,1503.34,1512.2,1495.75,-1
2019-09-17,1503.1,1498.85,1507.48,1493.36,1
2019-09-18,1493.9,1501.55,1511.32,1484.36,-1
2019-09-19,1499.2,1494.0,1504.35,1488.9,1
2019-09-20,1517.15,1499.4,1517.24,1497.9,1
2019-09-21,1517.15,1499.4,1517.24,1497.9,1
2019-09-22,1517.15,1499.4,1517.24,1497.9,1
2019-09-23,1522.11,1516.66,1527.25,1511.5,1
2019-09-24,1532.3,1522.4,1535.85,1515.8,1
2019-09-25,1504.15,1532.0,1535.42,1501.31,-1
2019-09-26,1505.8,1503.94,1512.7,1501.97,1
2019-09-27,1496.94,1506.0,1507.7,1487.04,-1
2019-09-28,1496.94,1506.0,1507.7,1487.04,-1
2019-09-29,1496.94,1506.0,1507.7,1487.04,-1
2019-09-30,1472.25,1497.07,1500.5,1464.42,-1
2019-10-01,1478.98,1472.3,1487.37,1459.0,1
2019-10-02,1499.51,1479.19,1505.11,1474.42,1
2019-10-03,1505.0,1499.55,1518.81,1495.99,1
2019-10-04,1504.6,1505.19,1511.17,1497.15,-1
2019-10-05,1504.6,1505.19,1511.17,1497.15,-1
2019-10-06,1504.6,1505.19,1511.17,1497.15,-1
2019-10-07,1493.6,1504.76,1509.64,1489.94,-1
2019-10-08,1505.51,1493.55,1508.71,1487.45,1
2019-10-09,1505.7,1506.05,1511.6,1499.7,-1
2019-10-10,1494.3,1505.6,1517.08,1491.42,-1
2019-10-11,1489.85,1494.44,1503.45,1474.28,-1
2019-10-12,1489.85,1494.44,1503.45,1474.28,-1
2019-10-13,1489.85,1494.44,1503.45,1474.28,-1
2019-10-14,1492.9,1488.9,1497.38,1482.82,1
2019-10-15,1481.17,1493.2,1498.17,1477.53,-1
2019-10-16,1489.77,1481.13,1491.65,1477.06,1
2019-10-17,1491.89,1490.55,1497.5,1483.45,1
2019-10-18,1490.1,1492.17,1494.26,1484.82,-1
2019-10-19,1490.1,1492.17,1494.26,1484.82,-1
2019-10-20,1490.1,1492.17,1494.26,1484.82,-1
2019-10-21,1484.5,1492.02,1495.48,1481.91,-1
2019-10-22,1488.05,1484.52,1489.29,1480.87,1
2019-10-23,1492.1,1488.35,1496.5,1487.62,1
2019-10-24,1503.65,1492.15,1504.27,1488.02,1
2019-10-25,1504.73,1504.75,1518.07,1500.56,-1
2019-10-26,1504.73,1504.75,1518.07,1500.56,-1
2019-10-27,1504.73,1504.75,1518.07,1500.56,-1
2019-10-28,1492.69,1504.34,1508.58,1489.86,-1
2019-10-29,1487.6,1492.69,1495.16,1483.72,-1
2019-10-30,1495.4,1487.6,1496.91,1481.21,1
2019-10-31,1513.35,1496.4,1514.53,1493.72,1
2019-11-01,1513.95,1513.32,1515.81,1503.31,1
2019-11-02,1513.95,1513.32,1515.81,1503.31,1
2019-11-03,1513.95,1513.32,1515.81,1503.31,1
2019-11-04,1509.63,1513.8,1514.97,1504.33,-1
2019-11-05,1484.1,1509.64,1510.1,1479.65,-1
2019-11-06,1490.46,1484.1,1494.46,1482.45,1
2019-11-07,1468.07,1490.44,1492.48,1461.24,-1
2019-11-08,1458.66,1468.01,1473.33,1456.28,-1
2019-11-09,1458.66,1468.01,1473.33,1456.28,-1
2019-11-10,1458.66,1468.01,1473.33,1456.28,-1
2019-11-11,1455.9,1458.96,1466.77,1448.28,-1
2019-11-12,1457.19,1455.79,1460.55,1445.61,1
2019-11-13,1463.19,1457.19,1467.36,1455.96,1
2019-11-14,1471.2,1463.18,1474.62,1460.93,1
2019-11-15,1467.37,1471.2,1471.49,1462.28,-1
2019-11-16,1467.37,1471.2,1471.49,1462.28,-1
2019-11-17,1467.37,1471.2,1471.49,1462.28,-1
2019-11-18,1470.85,1467.66,1474.3,1456.26,1
2019-11-19,1472.38,1470.85,1475.72,1464.6,1
2019-11-20,1471.25,1472.39,1479.15,1465.88,-1
2019-11-21,1464.4,1471.25,1475.98,1462.6,-1
2019-11-22,1462.29,1464.4,1473.3,1461.23,-1
2019-11-23,1462.29,1464.4,1473.3,1461.23,-1
2019-11-24,1462.29,1464.4,1473.3,1461.23,-1
2019-11-25,1454.97,1462.29,1462.41,1453.89,-1
2019-11-26,1461.6,1454.98,1462.97,1450.63,1
2019-11-27,1454.35,1461.65,1462.11,1452.45,-1
2019-11-28,1458.34,1456.77,1458.57,1454.37,1
2019-11-29,1464.8,1455.9,1466.81,1452.93,1
2019-11-30,1464.8,1455.9,1466.81,1452.93,1
2019-12-01,1464.8,1455.9,1466.81,1452.93,1
2019-12-02,1462.44,1467.03,1467.03,1453.91,-1
2019-12-03,1477.34,1462.5,1482.22,1459.39,1
2019-12-04,1474.35,1477.34,1484.55,1471.39,-1
2019-12-05,1475.7,1474.34,1480.72,1472.9,1
2019-12-06,1459.76,1475.7,1477.45,1458.61,-1
2019-12-07,1459.76,1475.7,1477.45,1458.61,-1
2019-12-08,1459.76,1475.7,1477.45,1458.61,-1
2019-12-09,1461.99,1459.49,1465.8,1458.76,1
2019-12-10,1464.21,1461.93,1469.36,1459.8,1
2019-12-11,1474.85,1464.19,1479.04,1462.59,1
2019-12-12,1469.43,1474.85,1486.95,1464.78,-1
2019-12-13,1475.81,1469.47,1478.22,1462.48,1
2019-12-14,1475.81,1469.47,1478.22,1462.48,1
2019-12-15,1475.81,1469.47,1478.22,1462.48,1
2019-12-16,1476.25,1475.6,1480.03,1472.99,1
2019-12-17,1476.45,1476.25,1480.78,1474.23,1
2019-12-18,1475.44,1476.45,1479.67,1470.32,-1
2019-12-19,1479.15,1475.44,1481.97,1473.01,1
2019-12-20,1478.2,1479.14,1481.26,1475.7,-1
2019-12-21,1478.2,1479.14,1481.26,1475.7,-1
2019-12-22,1478.2,1479.14,1481.26,1475.7,-1
2019-12-23,1485.52,1478.2,1486.29,1477.51,1
2019-12-24,1499.56,1485.57,1500.77,1484.41,1
2019-12-25,1499.56,1485.57,1500.77,1484.41,1
2019-12-26,1511.55,1499.42,1512.77,1497.66,1
2019-12-27,1510.67,1511.55,1515.47,1507.05,-1
2019-12-28,1510.67,1511.55,1515.47,1507.05,-1
2019-12-29,1510.67,1511.55,1515.47,1507.05,-1
2019-12-30,1515.22,1511.8,1516.54,1510.43,1
2019-12-31,1517.4,1515.22,1525.45,1514.66,1
2020-01-01,1517.3,1517.24,1517.48,1517.19,1
2020-01-02,1528.94,1517.24,1531.55,1517.22,1
2020-01-03,1551.65,1528.95,1553.7,1528.0,1
2020-01-04,1551.65,1528.95,1553.7,1528.0,1
2020-01-05,1551.65,1528.95,1553.7,1528.0,1
2020-01-06,1565.96,1561.15,1583.44,1560.9,1
2020-01-07,1573.99,1565.93,1577.53,1555.29,1
2020-01-08,1555.81,1573.99,1611.15,1552.23,-1
2020-01-09,1552.37,1555.76,1561.67,1540.18,-1
2020-01-10,1562.28,1552.4,1563.27,1545.52,1
2020-01-11,1562.28,1552.4,1563.27,1545.52,1
2020-01-12,1562.28,1552.4,1563.27,1545.52,1
2020-01-13,1548.3,1562.29,1562.3,1546.77,-1
2020-01-14,1546.37,1548.31,1548.95,1536.12,-1
2020-01-15,1556.19,1546.4,1558.44,1546.11,1
2020-01-16,1552.79,1556.18,1558.19,1548.05,-1
2020-01-17,1556.61,1552.9,1561.45,1549.36,1
2020-01-18,1556.61,1552.9,1561.45,1549.36,1
2020-01-19,1556.61,1552.9,1561.45,1549.36,1
2020-01-20,1561.58,1558.65,1563.0,1556.39,1
2020-01-21,1558.02,1560.94,1568.75,1546.41,-1
2020-01-22,1558.92,1558.03,1559.63,1550.08,1
2020-01-23,1563.32,1558.93,1568.17,1551.68,1
2020-01-24,1570.65,1563.3,1576.01,1556.42,1
2020-01-25,1570.65,1563.3,1576.01,1556.42,1
2020-01-26,1570.65,1563.3,1576.01,1556.42,1
2020-01-27,1581.94,1580.1,1586.81,1575.81,1
2020-01-28,1566.24,1581.95,1583.27,1565.65,-1
2020-01-29,1577.12,1566.19,1578.04,1563.21,1
2020-01-30,1574.21,1577.09,1586.16,1572.65,-1
2020-01-31,1590.2,1574.18,1590.21,1570.84,1
2020-02-01,1590.2,1574.18,1590.21,1570.84,1
2020-02-02,1590.2,1574.18,1590.21,1570.84,1
2020-02-03,1576.45,1590.2,1591.84,1571.29,-1
2020-02-04,1552.56,1576.4,1579.57,1549.14,-1
2020-02-05,1556.7,1552.56,1562.5,1547.4,1
2020-02-06,1566.85,1556.95,1568.55,1552.46,1
2020-02-07,1570.29,1566.86,1574.18,1562.39,1
2020-02-08,1570.29,1566.86,1574.18,1562.39,1
2020-02-09,1570.29,1566.86,1574.18,1562.39,1
2020-02-10,1572.3,1570.29,1577.23,1568.01,1
2020-02-11,1567.71,1572.09,1574.17,1562.29,-1
2020-02-12,1565.63,1567.73,1570.59,1561.8,-1
2020-02-13,1576.39,1565.62,1578.24,1565.53,1
2020-02-14,1584.7,1576.3,1585.05,1573.12,1
2020-02-15,1584.7,1576.3,1585.05,1573.12,1
2020-02-16,1584.7,1576.3,1585.05,1573.12,1
2020-02-17,1581.1,1584.7,1584.81,1578.6,-1
2020-02-18,1601.92,1583.44,1605.45,1583.09,1
2020-02-19,1611.64,1601.85,1613.04,1599.53,1
2020-02-20,1619.7,1611.71,1623.79,1603.98,1
2020-02-21,1643.7,1619.69,1649.15,1618.94,1
2020-02-22,1643.7,1619.69,1649.15,1618.94,1
2020-02-23,1643.7,1619.69,1649.15,1618.94,1
2020-02-24,1660.72,1659.05,1689.11,1652.37,1
2020-02-25,1635.38,1660.72,1660.86,1629.1,-1
2020-02-26,1639.96,1635.37,1655.09,1625.79,1
2020-02-27,1642.35,1640.55,1660.57,1635.65,1
2020-02-28,1585.13,1642.15,1649.48,1565.86,-1
2020-02-29,1585.13,1642.15,1649.48,1565.86,-1
2020-03-01,1585.13,1642.15,1649.48,1565.86,-1
2020-03-02,1590.73,1591.1,1611.03,1579.7,-1
2020-03-03,1639.77,1590.77,1649.55,1587.86,1
2020-03-04,1635.83,1639.76,1651.65,1632.06,-1
2020-03-05,1670.61,1635.91,1674.69,1635.07,1
2020-03-06,1674.23,1670.58,1692.1,1648.12,1
2020-03-07,1674.23,1670.58,1692.1,1648.12,1
2020-03-08,1674.23,1670.58,1692.1,1648.12,1
2020-03-09,1680.2,1694.4,1702.96,1657.74,-1
2020-03-10,1649.36,1679.1,1680.53,1642.15,-1
2020-03-11,1635.03,1649.69,1671.13,1632.97,-1
2020-03-12,1577.08,1634.8,1650.47,1561.01,-1
2020-03-13,1529.7,1576.95,1597.72,1506.86,-1
2020-03-14,1529.7,1576.95,1597.72,1506.86,-1
2020-03-15,1529.7,1576.95,1597.72,1506.86,-1
2020-03-16,1514.61,1550.55,1573.49,1451.5,-1
2020-03-17,1528.57,1512.45,1553.26,1465.81,1
2020-03-18,1486.3,1527.7,1546.22,1472.86,-1
2020-03-19,1471.0,1485.9,1501.05,1464.18,-1
2020-03-20,1498.24,1470.54,1516.25,1460.3,1
2020-03-21,1498.24,1470.54,1516.25,1460.3,1
2020-03-22,1498.24,1470.54,1516.25,1460.3,1
2020-03-23,1553.81,1508.15,1561.48,1485.1,1
2020-03-24,1622.03,1553.71,1638.72,1553.41,1
2020-03-25,1613.79,1628.19,1643.05,1587.2,-1
2020-03-26,1632.39,1617.25,1647.28,1595.84,1
2020-03-27,1623.5,1632.38,1637.86,1612.22,-1
2020-03-28,1623.5,1632.38,1637.86,1612.22,-1
2020-03-29,1623.5,1632.38,1637.86,1612.22,-1
2020-03-30,1623.3,1622.0,1639.61,1608.72,1
2020-03-31,1571.31,1618.49,1626.27,1566.23,-1
2020-04-01,1595.05,1571.0,1603.41,1566.97,1
2020-04-02,1613.79,1590.52,1621.15,1579.04,1
2020-04-03,1618.45,1615.09,1626.07,1606.3,1
2020-04-04,1618.45,1615.09,1626.07,1606.3,1
2020-04-05,1618.45,1615.09,1626.07,1606.3,1
2020-04-06,1663.0,1597.5,1669.97,1597.5,1
2020-04-07,1648.95,1663.03,1673.55,1641.89,-1
2020-04-08,1646.52,1647.59,1657.69,1641.94,-1
2020-04-09,1684.07,1646.08,1691.17,1643.1,1
2020-04-10,1689.9,1676.0,1697.5,1676.0,1
2020-04-11,1689.9,1676.0,1697.5,1676.0,1
2020-04-12,1689.9,1676.0,1697.5,1676.0,1
2020-04-13,1714.32,1685.69,1723.88,1674.87,1
2020-04-14,1729.7,1712.34,1747.85,1708.55,1
2020-04-15,1716.6,1728.8,1732.27,1707.71,-1
2020-04-16,1718.4,1716.46,1739.17,1707.88,1
2020-04-17,1684.69,1715.99,1719.12,1679.37,-1
2020-04-18,1684.69,1715.99,1719.12,1679.37,-1
2020-04-19,1684.69,1715.99,1719.12,1679.37,-1
2020-04-20,1694.11,1692.25,1703.46,1671.49,1
2020-04-21,1687.02,1694.11,1698.6,1661.39,-1
2020-04-22,1714.82,1687.1,1719.65,1680.09,1
2020-04-23,1731.58,1713.56,1739.74,1706.26,1
2020-04-24,1729.43,1731.57,1737.44,1710.21,-1
2020-04-25,1729.43,1731.57,1737.44,1710.21,-1
2020-04-26,1729.43,1731.57,1737.44,1710.21,-1
2020-04-27,1715.57,1726.15,1727.93,1705.68,-1
2020-04-28,1708.64,1715.31,1716.04,1691.63,-1
2020-04-29,1712.39,1708.3,1717.76,1697.55,1
2020-04-30,1685.05,1712.27,1723.17,1680.64,-1
2020-05-01,1700.41,1685.95,1706.53,1670.06,1
2020-05-02,1700.41,1685.95,1706.53,1670.06,1
2020-05-03,1700.41,1685.95,1706.53,1670.06,1
2020-05-04,1701.69,1699.0,1712.57,1691.84,1
2020-05-05,1707.17,1700.82,1712.9,1691.45,1
2020-05-06,1685.89,1707.51,1709.34,1682.28,-1
2020-05-07,1717.94,1686.08,1723.06,1683.5,1
2020-05-08,1702.65,1717.46,1723.91,1701.06,-1
2020-05-09,1702.65,1717.46,1723.91,1701.06,-1
2020-05-10,1702.65,1717.46,1723.91,1701.06,-1
2020-05-11,1697.35,1702.65,1712.64,1691.59,-1
2020-05-12,1702.72,1697.04,1711.79,1693.17,1
2020-05-13,1715.99,1702.5,1719.02,1698.81,1
2020-05-14,1730.65,1715.63,1737.41,1710.51,1
2020-05-15,1743.0,1730.52,1752.13,1727.93,1
2020-05-16,1743.0,1730.52,1752.13,1727.93,1
2020-05-17,1743.0,1730.52,1752.13,1727.93,1
2020-05-18,1732.32,1743.01,1765.94,1727.2,-1
2020-05-19,1745.11,1732.31,1748.76,1725.66,1
2020-05-20,1749.5,1745.92,1754.77,1741.89,1
2020-05-21,1726.33,1749.52,1751.01,1717.1,-1
2020-05-22,1736.07,1725.26,1740.07,1723.62,1
2020-05-23,1736.07,1725.26,1740.07,1723.62,1
2020-05-24,1736.07,1725.26,1740.07,1723.62,1
2020-05-25,1729.57,1734.61,1736.01,1721.45,-1
2020-05-26,1712.45,1728.82,1736.07,1708.3,-1
2020-05-27,1709.26,1712.47,1716.37,1693.82,-1
2020-05-28,1719.4,1709.04,1727.52,1707.11,1
2020-05-29,1728.3,1721.7,1737.71,1712.53,1
2020-05-30,1728.3,1721.7,1737.71,1712.53,1
2020-05-31,1728.3,1721.7,1737.71,1712.53,1
2020-06-01,1740.33,1738.05,1744.84,1727.26,1
2020-06-02,1727.96,1740.34,1745.26,1721.4,-1
2020-06-03,1698.64,1728.1,1733.8,1689.54,-1
2020-06-04,1711.83,1699.89,1721.62,1696.9,1
2020-06-05,1685.83,1711.81,1717.25,1670.74,-1
2020-06-06,1685.83,1711.81,1717.25,1670.74,-1
2020-06-07,1685.83,1711.81,1717.25,1670.74,-1
2020-06-08,1697.96,1684.65,1700.9,1677.52,1
2020-06-09,1714.57,1700.49,1721.04,1692.2,1
2020-06-10,1737.1,1714.8,1740.06,1708.47,1
2020-06-11,1727.51,1737.01,1744.92,1721.58,-1
2020-06-12,1730.8,1728.34,1743.16,1722.57,1
2020-06-13,1730.8,1728.34,1743.16,1722.57,1
2020-06-14,1730.8,1728.34,1743.16,1722.57,1
2020-06-15,1725.53,1732.32,1734.53,1704.31,-1
2020-06-16,1727.46,1725.55,1733.12,1716.43,1
2020-06-17,1727.04,1727.71,1730.41,1713.22,-1
2020-06-18,1722.99,1726.3,1737.17,1717.57,-1
2020-06-19,1743.61,1723.69,1745.36,1721.18,1
2020-06-20,1743.61,1723.69,1745.36,1721.18,1
2020-06-21,1743.61,1723.69,1745.36,1721.18,1
2020-06-22,1755.44,1748.78,1763.42,1743.27,1
2020-06-23,1767.54,1755.26,1771.25,1747.43,1
2020-06-24,1762.43,1768.99,1779.61,1760.8,-1
2020-06-25,1761.81,1760.32,1769.04,1755.49,1
2020-06-26,1771.47,1761.82,1772.12,1747.67,1
2020-06-27,1771.47,1761.82,1772.12,1747.67,1
2020-06-28,1771.47,1761.82,1772.12,1747.67,1
2020-06-29,1772.28,1773.74,1775.72,1765.78,-1
2020-06-30,1781.67,1771.9,1786.02,1765.35,1
2020-07-01,1770.31,1781.6,1789.48,1759.27,-1
2020-07-02,1776.14,1769.6,1779.83,1757.68,1
2020-07-03,1775.05,1774.77,1777.43,1772.48,1
2020-07-04,1775.05,1774.77,1777.43,1772.48,1
2020-07-05,1775.05,1774.77,1777.43,1772.48,1
2020-07-06,1783.9,1776.31,1787.09,1770.13,1
2020-07-07,1795.26,1783.91,1797.59,1773.79,1
2020-07-08,1810.78,1795.27,1818.13,1791.62,1
2020-07-09,1803.19,1811.3,1816.26,1795.82,-1
2020-07-10,1798.9,1802.13,1810.76,1794.28,-1
2020-07-11,1798.9,1802.13,1810.76,1794.28,-1
